{
  "Profiles": [
    {
      "ASCII Anti Aliased": true,
      "Ambiguous Double Width": false,
      "Ansi 0 Color": {
        "Alpha Component": 1.0,
        "Blue Component": 0.11764705926179886,
        "Color Space": "sRGB",
        "Green Component": 0.09803921729326248,
        "Red Component": 0.0784313753247261
      },
      "Ansi 0 Color (Dark)": {
        "Alpha Component": 1.0,
        "Blue Component": 0.11764705926179886,
        "Color Space": "sRGB",
        "Green Component": 0.09803921729326248,
        "Red Component": 0.0784313753247261
      },
      "Ansi 0 Color (Light)": {
        "Alpha Component": 1.0,
        "Blue Component": 0.11764705926179886,
        "Color Space": "sRGB",
        "Green Component": 0.09803921729326248,
        "Red Component": 0.0784313753247261
      },
      "Ansi 1 Color": {
        "Alpha Component": 1.0,
        "Blue Component": 0.16300037503242493,
        "Color Space": "sRGB",
        "Green Component": 0.23660069704055786,
        "Red Component": 0.7074432373046875
      },
      "Ansi 1 Color (Dark)": {
        "Alpha Component": 1.0,
        "Blue Component": 0.16300037503242493,
        "Color Space": "sRGB",
        "Green Component": 0.23660069704055786,
        "Red Component": 0.7074432373046875
      },
      "Ansi 1 Color (Light)": {
        "Alpha Component": 1.0,
        "Blue Component": 0.16300037503242493,
        "Color Space": "sRGB",
        "Green Component": 0.23660069704055786,
        "Red Component": 0.7074432373046875
      },
      "Ansi 10 Color": {
        "Alpha Component": 1.0,
        "Blue Component": 0.5654193758964539,
        "Color Space": "sRGB",
        "Green Component": 0.9042816162109375,
        "Red Component": 0.3450070321559906
      },
      "Ansi 10 Color (Dark)": {
        "Alpha Component": 1.0,
        "Blue Component": 0.5654193758964539,
        "Color Space": "sRGB",
        "Green Component": 0.9042816162109375,
        "Red Component": 0.3450070321559906
      },
      "Ansi 10 Color (Light)": {
        "Alpha Component": 1.0,
        "Blue Component": 0.5654193758964539,
        "Color Space": "sRGB",
        "Green Component": 0.9042816162109375,
        "Red Component": 0.3450070321559906
      },
      "Ansi 11 Color": {
        "Alpha Component": 1.0,
        "Blue Component": 0.0,
        "Color Space": "sRGB",
        "Green Component": 0.8833775520324707,
        "Red Component": 0.9259033203125
      },
      "Ansi 11 Color (Dark)": {
        "Alpha Component": 1.0,
        "Blue Component": 0.0,
        "Color Space": "sRGB",
        "Green Component": 0.8833775520324707,
        "Red Component": 0.9259033203125
      },
      "Ansi 11 Color (Light)": {
        "Alpha Component": 1.0,
        "Blue Component": 0.0,
        "Color Space": "sRGB",
        "Green Component": 0.8833775520324707,
        "Red Component": 0.9259033203125
      },
      "Ansi 12 Color": {
        "Alpha Component": 1.0,
        "Blue Component": 0.9485321044921875,
        "Color Space": "sRGB",
        "Green Component": 0.6704471707344055,
        "Red Component": 0.6534907817840576
      },
      "Ansi 12 Color (Dark)": {
        "Alpha Component": 1.0,
        "Blue Component": 0.9485321044921875,
        "Color Space": "sRGB",
        "Green Component": 0.6704471707344055,
        "Red Component": 0.6534907817840576
      },
      "Ansi 12 Color (Light)": {
        "Alpha Component": 1.0,
        "Blue Component": 0.9485321044921875,
        "Color Space": "sRGB",
        "Green Component": 0.6704471707344055,
        "Red Component": 0.6534907817840576
      },
      "Ansi 13 Color": {
        "Alpha Component": 1.0,
        "Blue Component": 0.8821563720703125,
        "Color Space": "sRGB",
        "Green Component": 0.4927266538143158,
        "Red Component": 0.8821563720703125
      },
      "Ansi 13 Color (Dark)": {
        "Alpha Component": 1.0,
        "Blue Component": 0.8821563720703125,
        "Color Space": "sRGB",
        "Green Component": 0.4927266538143158,
        "Red Component": 0.8821563720703125
      },
      "Ansi 13 Color (Light)": {
        "Alpha Component": 1.0,
        "Blue Component": 0.8821563720703125,
        "Color Space": "sRGB",
        "Green Component": 0.4927266538143158,
        "Red Component": 0.8821563720703125
      },
      "Ansi 14 Color": {
        "Alpha Component": 1.0,
        "Blue Component": 1.0,
        "Color Space": "sRGB",
        "Green Component": 0.9926329255104065,
        "Red Component": 0.3759753108024597
      },
      "Ansi 14 Color (Dark)": {
        "Alpha Component": 1.0,
        "Blue Component": 1.0,
        "Color Space": "sRGB",
        "Green Component": 0.9926329255104065,
        "Red Component": 0.3759753108024597
      },
      "Ansi 14 Color (Light)": {
        "Alpha Component": 1.0,
        "Blue Component": 1.0,
        "Color Space": "sRGB",
        "Green Component": 0.9926329255104065,
        "Red Component": 0.3759753108024597
      },
      "Ansi 15 Color": {
        "Alpha Component": 1.0,
        "Blue Component": 1.0,
        "Color Space": "sRGB",
        "Green Component": 1.0,
        "Red Component": 0.9999960064888
      },
      "Ansi 15 Color (Dark)": {
        "Alpha Component": 1.0,
        "Blue Component": 1.0,
        "Color Space": "sRGB",
        "Green Component": 1.0,
        "Red Component": 0.9999960064888
      },
      "Ansi 15 Color (Light)": {
        "Alpha Component": 1.0,
        "Blue Component": 1.0,
        "Color Space": "sRGB",
        "Green Component": 1.0,
        "Red Component": 0.9999960064888
      },
      "Ansi 2 Color": {
        "Alpha Component": 1.0,
        "Blue Component": 0.0,
        "Color Space": "sRGB",
        "Green Component": 0.7607843279838562,
        "Red Component": 0.0
      },
      "Ansi 2 Color (Dark)": {
        "Alpha Component": 1.0,
        "Blue Component": 0.0,
        "Color Space": "sRGB",
        "Green Component": 0.7607843279838562,
        "Red Component": 0.0
      },
      "Ansi 2 Color (Light)": {
        "Alpha Component": 1.0,
        "Blue Component": 0.0,
        "Color Space": "sRGB",
        "Green Component": 0.7607843279838562,
        "Red Component": 0.0
      },
      "Ansi 3 Color": {
        "Alpha Component": 1.0,
        "Blue Component": 0.0,
        "Color Space": "sRGB",
        "Green Component": 0.7695948481559753,
        "Red Component": 0.7805864810943604
      },
      "Ansi 3 Color (Dark)": {
        "Alpha Component": 1.0,
        "Blue Component": 0.0,
        "Color Space": "sRGB",
        "Green Component": 0.7695948481559753,
        "Red Component": 0.7805864810943604
      },
      "Ansi 3 Color (Light)": {
        "Alpha Component": 1.0,
        "Blue Component": 0.0,
        "Color Space": "sRGB",
        "Green Component": 0.7695948481559753,
        "Red Component": 0.7805864810943604
      },
      "Ansi 4 Color": {
        "Alpha Component": 1.0,
        "Blue Component": 0.7821617722511292,
        "Color Space": "sRGB",
        "Green Component": 0.2647435665130615,
        "Red Component": 0.15404300391674042
      },
      "Ansi 4 Color (Dark)": {
        "Alpha Component": 1.0,
        "Blue Component": 0.7821617722511292,
        "Color Space": "sRGB",
        "Green Component": 0.2647435665130615,
        "Red Component": 0.15404300391674042
      },
      "Ansi 4 Color (Light)": {
        "Alpha Component": 1.0,
        "Blue Component": 0.7821617722511292,
        "Color Space": "sRGB",
        "Green Component": 0.2647435665130615,
        "Red Component": 0.15404300391674042
      },
      "Ansi 5 Color": {
        "Alpha Component": 1.0,
        "Blue Component": 0.7449436187744141,
        "Color Space": "sRGB",
        "Green Component": 0.24931684136390686,
        "Red Component": 0.752197265625
      },
      "Ansi 5 Color (Dark)": {
        "Alpha Component": 1.0,
        "Blue Component": 0.7449436187744141,